accuracy,precision,recall,f1_score
0.9972529383128172,0.9977590534241664,0.9986990265129424,0.9982288186893258
