accuracy,precision,recall,f1_score
0.9900201683009945,0.989761396011396,0.997442914180611,0.9935873086805944
