accuracy,precision,recall,f1_score
0.9808067664281067,0.9821192052980132,0.9788778877887789,0.980495867768595
