accuracy,precision,recall,f1_score
0.9808067664281067,0.9808454425363277,0.9801980198019802,0.9805216242984485
